title,desc,link
Beasiswa S2 Double Degree dari Kemenag RI,"Hai Sobat Beasiswa.ID ! Buat kamu yang baru lulus S1, beasiswa dari Kementerian Agama bisa kamu coba, apalagi beasiswa ini menawarkan dua gelar sekaligus. Beasiswa S2Double DegreeMagisterLuar Negeri adalah programBeasiswa Indonesia Bangkit(BIB) dari Kemenag RI yang khusus dibuka untuk lulusan S1 dari Perguruan Tinggi Keagamaan, Fakultas Agama Islam di Perguruan Tinggi Umum, atau alumni Program Beasiswa Santri Berprestasi. Program ini memberikan kesempatan buat kamu yang ingin melanjutkan kuliah sambil mendapatkan pengalaman belajar di dua kampus sekaligus, baik di dalam negeri maupun di luar negeri.",https://beasiswa.id/2025/beasiswa-s2-double-degree-dari-kemenag-ri/
"Beasiswa S1 di Shizuoka University, Jepang","Hai Sobat Beasiswa.ID! Apakah kamu sedang mencari beasiswa diJepang? Tawaran beasiswa berikut patut kamu pertimbangkan!Shizuoka Universitysecara rutin menawarkan programAsia Bridge Program(ABP) bagi siswa lulusan SMA/Sederajat dari Indonesia, India, Myanmar, Thailand, dan Vietnam untuk menempuh kuliah S1 di Shizuoka University.",https://beasiswa.id/2024/beasiswa-s1-di-shizuoka-university-jepang-2/
Beasiswa S1 dari Badan Kepegawaian Negara (BKN),Hai Sobat Beasiswa.ID! Program beasiswa ini ditawarkan olehBadan Kepegawaian Negara(BKN) melalui beasiswa pendidikan Ilmu Kepegawaian Angkatan XVIII bekerjasama denganUniversitas Negeri Jakarta(UNJ). Beasiswa ini ditujukan bagi PNS di Tanah Air yang ingin melanjutkan studi jenjang S1 Program Studi Manajemen KonsentrasiManajemen Sumber Daya Manusia(MSDM) di UNJ.,https://beasiswa.id/2024/beasiswa-s1-dari-badan-kepegawaian-negara-bkn/
Beasiswa S1 di Binus University,Hai Sobat Beasiswa.ID! Satu lagi tawaranbeasiswa kuliahS1 yang bisa kamu coba! Universitas Bina Nusantara (Binus University) melaluiPT Mega Central Finance & PT Mega Auto Financekembali menawarkan gratis kuliah S1 dan pengalaman magang serta berkarir secara profesional. Beasiswa ini ditujukan untuk lulusan SMA/SMK tahun 2023 dan 2024.,https://beasiswa.id/2024/beasiswa-s1-di-binus-university/
Beasiswa SPACE untuk Pelajar dan Mahasiswa,"Hai Sobat Beasiswa.ID! Yang ditunggu-tunggu akhirnya tiba juga. Kabar gembira bagi kamu seorang pelajar atau mahasiswa aktif, mungkinbeasiswaini bisa jadi alternatif untuk kamu ikuti. Beasiswa ini datang dariConshub Foundationmelalui program beasiswaSPACE. SPACE (Scholarship Program for Academic and Community Empowerment) merupakan program inovatif untuk mendukung tujuan Sustainable Development Goals (SDGs) dalam pendidikan berkualitas untuk semua dan membentuk pemimpin masa depan yang cerdas, kreatif, dan berkarakter kuat.",https://beasiswa.id/2024/beasiswa-space-untuk-pelajar-dan-mahasiswa/
Beasiswa Dicoding untuk Pelajar dan Mahasiswa,"Hai Sobat Beasiswa.ID! Dicoding kembali hadir untuk mendukungmu menjadi talenta digital berstandar industri. Melalui programBeasiswaDicodingfor School danDicoding for University, para peserta akan mendapatkan akses GRATIS kelas-kelas favorit Dicoding. Program beasiswa ini dibuka untuk pelajar SMA/SMK/Sederajat dan Mahasiswa S1, S2 maupun S3.",https://beasiswa.id/2024/beasiswa-dicoding-untuk-pelajar-dan-mahasiswa/
Beasiswa SCG Sharing the Dream untuk Pelajar dan Mahasiswa,Hai Sobat Beasiswa.ID! Kabar baik bagi kamu pelajar SMA/Sederajat kelas 10 sampai 12 serta mahasiswa D4 dan S1! Ada tawaranbeasiswadari SCG (Siam Cement Group) yang bisa kamu ikuti!BeasiswaSCG Sharing the Dreamkembali diselenggarakan untuk tahun 2024 dengan batas waktu pendaftaran sampai 9 Juni 2024.,https://beasiswa.id/2024/beasiswa-scg-sharing-the-dream-untuk-pelajar-dan-mahasiswa/
Beasiswa S1 dan D3 dari APERTI BUMN,"Hai Sobat Beasiswa.ID! Bagi kamu lulusan SMA/SMK/Sederajat yang sedang mencaribeasiswa kuliah, ada tawaran menarik yang bisa kamu pertimbangkan.ProgramBeasiswa APERTI BUMNmenawarkan beasiswa kuliah penuh sampai lulus. Adapun Perguruan Tinggi yang tergabung dalam APERTI BUMN adalah:Universitas Internasional Semen Indonesia (UISI), Institut Teknologi PLN (IT PLN), Universitas Pertamina (UP),Universitas Logistik dan Bisnis Internasional(ULBI),Politeknik Semen Indonesia, Telkom University (TEL-U), dan IT Telkom Purwokerto (ITTP).",https://beasiswa.id/2024/beasiswa-s1-dan-d3-dari-aperti-bumn/
Beasiswa S1 Glow & Lovely Bintang Beasiswa,"Hai Sobat Beasiswa.ID! Saat iniGlow & Lovely Bintang Beasiswamembuka kesempatan bagi Anda yang ingin melanjutkan pendidikan ke jenjang sarjana di sejumlah perguruan tinggi negeri (PTN) dalam negeri pada 2024. BeasiswaS1ini ditujukan bagi siswi kelas 12 atau lulusan SMA/MA/SMK dan sederajat di tanah air. Beasiswa ini spesial karena hanya ditujukan bagi kaum perempuan. Jadi, bila Anda adalah perempuan tamatan SMA/SMK atau MA atau siswi kelas 12, kesempatan ini sayang untuk dilewatkan.",https://beasiswa.id/2024/beasiswa-s1-glow-lovely-bintang-beasiswa/
Beasiswa CIMB ASEAN untuk Mahasiswa S1 dan S2,"Hai Sobat Beasiswa.ID! Bagi kamu calon mahasiswa baru Program S1 dan S2 serta mahasiswa on-going (yang sedang berkuliah) dan sedang mencaribeasiswa, saat iniCIMB Foundationmenawarkan Beasiswa CIMB ASEAN yang bisa kamu coba!Program CIMB ASEAN Scholarshipini ditawarkan bagi pelajar dan mahasiswa dari negara-negara di kawasan ASEAN dalam bentuk Full Scholarship (beasiswa penuh). Berikut informasi selengkapnya mengenai Beasiswa CIMB ASEAN.",https://beasiswa.id/2024/beasiswa-cimb-asean-untuk-mahasiswa-s1-dan-s2/
"Beasiswa DataPrint untuk Pelajar SMP, SMA dan Mahasiswa","Hai Sobat Beasiswa.ID! Bagi kamu pelajar dan mahasiswa Indonesia, ada tawaran beasiswa yang bisa kamu pertimbangkan untuk diikuti.ProgramBeasiswa DataPrint2024kembali dibuka untuk Periode 2!Beasiswatahun 2024 ini dibuka untuk pelajar SMP/SMA serta mahasiswa perguruan tinggi jenjang Diploma (D3 & D4) dan Sarjana (S1) di seluruh Indonesia.",https://beasiswa.id/2024/beasiswa-dataprint-untuk-pelajar-smp-sma-dan-mahasiswa/
"Beasiswa untuk Mahasiswa D3, S1 dan S2 dari France Excellence","Hai Sobat Beasiwa.ID! Kedutaan Besar Perancis melalui Institut Perancis di Indonesia (IFI) kembali membuka peluang BeasiswaFrance Excellenceuntuk jenjangD3, S1, dan S2. Beasiswa Pemerintah Perancis kali ini ditawarkan dalam beberapa jenis, di antaranya beasiswa France Excellence S1, beasiswa France Excellence S2, dan beasiswa France Excellence Master 2. Beasiswa ini menyasar mahasiswa Indonesia unggulan yang akan memasuki tahun pertama pendidikan tinggi di Perancis, baik jenjang D3 atau S1 serta jenjang S2 (M1 atau M2). Sebelum mendaftar ke program beasiswa ini pelamar terlebih dahulu harus mendaftar kuliah di salah salah satu universitas Perancis.",https://beasiswa.id/2024/beasiswa-untuk-mahasiswa-d3-s1-dan-s2-dari-france-excellence/
"Beasiswa S1 di University College London (UCL) , UK",Hai Sobat Beasiswa.ID! BeasiswaUniversity College London(UCL) satu ini diperuntukkan bagi calon mahasiswa internasional yang ingin melanjutkan studi sarjana (S1) di UK. Tahun ini UCL menawarkan beasiswa full S1 berbagai jurusan di kampus mereka. Bagi Anda yang berminat peluang beasiswa UCL dapat dipertimbangkan. Program beasiswa UCL ditawarkan melalui skema UCL Global Undergraduate Scholarship.,https://beasiswa.id/2024/beasiswa-s1-di-university-college-london-ucl-uk/
Beasiswa Karya Salemba Empat (KSE) untuk Mahasiswa S1,Hai Sobat Beasiswa.ID! Satu lagi pilihan beasiswaS1yang terbuka buat mahasiswa di tanah air. Beasiswa Karya Salemba Empat (KSE). Beasiswa ini ditujukan bagi Anda yang tengah kuliah S1 minimal semester dua di sejumlah perguruan tinggi negeri (PTN) dalam negeri. Beasiswa Karya Salemba Empat 2024 – 2025 menyediakan tunjangan pendidikan untuk membantu kebutuhan finansial mahasiswa.,https://beasiswa.id/2024/beasiswa-karya-salemba-empat-kse-untuk-mahasiswa-s1/
"Beasiswa S1 di Qatar University, Qatar","Hai Sobat Beasiswa.ID! Sebagai salah satu kampus terkemuka di Timur Tengah,Qatar Universitymenawarkan sejumlah program beasiswa bagi mahasiswa lokal maupun internasional. Salah satu beasiswa yang bisa dilamar oleh pelajar Indonesia adalah beasiswaS1bagi lulusan SMA/sederajat. Beasiswa Qatar University ini membebaskan penerimanya dari biaya kuliah, sehingga Anda tidak lagi dibebankan biaya pendidikan dan serupanya.",https://beasiswa.id/2023/beasiswa-s1-di-qatar-university-qatar-2/
Beasiswa Diploma dan S1 dari KGSP di Korea,Hai Sobat Beasiswa.ID! Mungkin Anda salah satu yang menantikanBeasiswa Korea2024 ini. Global Korea Scholarship (GKS) atauKorean Government Scholarship Program(KGSP). Kali ini beasiswa GKS/KGSP ditujukan bagi lulusan SMA/sederajat yang ingin menempuh kuliah diploma atau sarjana di universitas-universitas Korea. Beasiswa disediakan full Pemerintah Korea yang menanggung kebutuhan selama studi di Korea.,https://beasiswa.id/2023/beasiswa-diploma-dan-s1-dari-kgsp-di-korea-2/
Beasiswa S1 dari Bank Syariah Indonesia (BSI),Hai Sobat Beasiswa.ID! Kabar baik bagi Anda mahasiswaS1tanah air semester 3 (tiga) atau 5 (lima). BSI Maslahat dan Bank Syariah Indonesia kembali membuka pendaftaran Beasiswa BSI 2023 melaluiBSIMaslahat Scholarship dan memberi kesempatan bagi mahasiswa dari berbagai kampus mitra untuk mendaftar. Beasiswa BSI membuka dua peluang beasiswa sekaligus. Yakni BSI Maslahat Scholarship Inspirasi dan BSI Maslahat Scholarship Prestasi.,https://beasiswa.id/2023/beasiswa-s1-dari-bank-syariah-indonesia-bsi-2/
"Beasiswa S1 di University of Toronto, Kanada","Hai Sobat Beasiswa.ID! Sebagai salah satu universitas terkemuka di Kanada,University of Torontomenjadi salah satu tujuan studi mahasiswa dari berbagai negara. Di kampus ini, sejumlah beasiswa ditawarkan. Salah satunya beasiswa Lester B. Pearson melalui programnya The Lester B. Pearson International Scholarships. Beasiswa di University of Toronto ini merupakan beasiswa S1 yang menyasar pelamar-pelamar internasional, salah satunya Indonesia untuk melanjutkan kuliah sarjana di kampus Toronto.",https://beasiswa.id/2023/beasiswa-s1-di-university-of-toronto-kanada-3/
"Beasiswa S1 dan S2 di Australian National University, Australia","Hai Sobat Beasiswa.ID! Bagi Anda yang berminat melanjutkan kuliah sarjana (S1) maupun magister (S2) di Australia, ada program beasiswa menarik yang ditawarkanAustralian National University(ANU). Universitas yang berlokasi di Canberra ini membuka kesempatan beasiswa S1 dan beasiswa S2 di berbagai jurusan bagi pelajar internasional yang ingin melanjutkan studi di ANU, Australia. Nama programnya ANU Chancellor’s International Scholarship. Beasiswa yang dikhususkan bagi pelamar-pelamar internasional dan kawasan-kawasan tertentu seperti Indonesia.",https://beasiswa.id/2023/beasiswa-s1-dan-s2-di-australian-national-university-australia/
"Beasiswa S1 di University of Oxford dan Cambridge, Inggris","Hai Sobat Beasiswa.ID! Bila beberapa waktu lalu ditawarkan beasiswa Clarendon dan Beasiswa Gates Cambridge di University of Oxford danUniversity of Cambridge, tentu yang Anda lulusan SLTA belum bisa mendaftar ke program beasiswa ini untuk kuliah jenjang S1 tahun 2024 – 2025. Sebab, kedua beasiswa bergengsi dari dua universitas top dunia itu hanya tersedia untuk jenjang pascasarjana. Alias hanya ditujukan bagi pelamar program S2 dan S3.",https://beasiswa.id/2023/beasiswa-s1-di-university-of-oxford-dan-cambridge-inggris/
Beasiswa Tanoto Foundation untuk Mahasiswa S1,"Hai Sobat Beasiswa.ID! Ini kabar baik bagi Anda mahasiswa S1 di Tanah Air.Tanoto Foundationkembali membuka pendaftaran beasiswa 2024 melalui Program Beasiswa Kepemimpinan TELADAN 2024. Beasiswa ini ditujukan bagi Anda yang baru menempuh semester pertama studi S1 di sejumlah perguruan tinggi mitra Tanoto Foundation. Beasiswa diberikan bagi mahasiswa berprestasi serta memiliki potensi kepemimpinan yang cakap, unggul dan bertanggungjawab. Nah, jika Anda merasa memenuhi kriteria yang dimaksud, pendaftaran online Beasiswa Teladan Tanoto Foundation 2024 saat ini sudah dibuka.",https://beasiswa.id/2023/beasiswa-tanoto-foundation-untuk-mahasiswa-s1/
Beasiswa Paragon untuk Mahasiswa D3 dan S1,"Hai Sobat Beasiswa.ID! Anda yang berstatus sebagai mahasiswaS1/D4 dan mahasiswaD3di 15 universitas mitra PT Paragon Technology and Innovation, kini kembali mendapatkan kesempatan untuk mengajukan Paragon Scholarship Program 2023 atau Beasiswa Paragon 2023. Perusahaan kosmetik yang memiliki produk Wardah ini menyiapkan beasiswa yang bisa dilamar oleh mahasiswa yang memasuki tahun kedua (semester 3) bagi mahasiswa D3 dan tahun ketiga (semester 5) bagi mahasiswa S1/D4 dari sejumlah perguruan tinggi yang menjadi mitra beasiswaParagontahun ini.",https://beasiswa.id/2023/beasiswa-paragon-untuk-mahasiswa-d3-dan-s1/
"Beasiswa D3, S1, S2 dan S3 dari Pemprov Jawa Barat",Hai Sobat Beasiswa.ID! ProgramBeasiswaPemerintah Provinsi (Pemprov) Jabar 2023 – 2024 kembali dibuka untuk warga Jawa Barat melalui Jabar Future Leaders Scholarship (JFLS). Beasiswa ini memberi kesempatan bagi Anda yang akan maupun tengah menjalani kuliah di salah satu perguruan tinggi di Provinsi Jawa Barat.,https://beasiswa.id/2023/beasiswa-d3-s1-s2-dan-s3-dari-pemprov-jawa-barat/
Beasiswa Dumisake S1 dan S3 dari Pemprov Jambi,"Hai Sobat Beasiswa.ID! Pendaftaranbeasiswa DumisakePemerintah Provinsi (Pemprov) Jambi 2023 kembali dibuka bagi mahasiswa Jambi yang mengambil program gelarS1dan S3. Beasiswa ini disediakan Pemprov Jambi bagi mahasiswa aktif yang memiliki KTP Provinsi Jambi. Beasiswa S1 ditujukan bagi mahasiswa kurang mampu atau mahasiswa berprestasi. Minimal semester 2. Sementara, beasiswaS3ditujukan bagi dosen/tenaga pengajar pada perguruan tinggi negeri maupun swasta yang ada di Provinsi Jambi.",https://beasiswa.id/2023/beasiswa-dumisake-s1-dan-s3-dari-pemprov-jambi/
Beasiswa S1 Guru SMK untuk Lulusan SMK/SMA dan Mahasiswa,"Hai Sobat Beasiswa.ID! Kabar baik bagi Anda yang berminat menjadi guru SMK. Kementerian Pendidikan, Kebudayaan, Riset dan Teknologi (Kemendikbudristek) bersamaan dengan programbeasiswa guru, juga menyiapkan beasiswa khusus calon guru SMK. Beasiswa calon guru SMK ini ditawarkan bagi lulusan SMK/SMA atau mahasiswa yang sedang menempuh studi (on going) di jenjangS1/D4 maksimal semester 3.",https://beasiswa.id/2023/beasiswa-s1-guru-smk-untuk-lulusan-smk-sma-dan-mahasiswa/
"Beasiswa D3, D4, S1 dan Siswi SMA/SMK/MA untuk Anak Perempuan Indonesia","Hai Sobat Beasiswa.ID! Program beasiswa Bestari (Beasiswa untuk Anak Perempuan Indonesia) kini dibuka kembali bagi mahasiswi dan pelajar di tanah air.Beasiswa S1, D4, dan D3 ini ditujukan bagi mahasiswi on going sarjana atau diploma, maupun siswi atau lulusan SMA/SMK/MA/sederajat yang ingin melanjutkan studinya ke jenjang S1, D4, atau D3.",https://beasiswa.id/2023/beasiswa-d3-d4-s1-dan-siswi-sma-smk-ma-untuk-anak-perempuan-indonesia/
"Beasiswa S1 di University of West London, Inggris","Hai Sobat Beasiswa.ID! Seperti umumnya kebanyakan universitas diInggris, mereka seringkali menawarkan beasiswa mandiri yang ditujukan bagi pelamar-pelamar internasional yang ingin mengenyam studi di kampus mereka. Salah satunyabeasiswa LondondiUniversity of West London(UWL) yang berada di pusat Kota London, Inggris ini. University of West London membukabeasiswa S1danbeasiswa S2melalui program International Ambassador Scholarships.",https://beasiswa.id/2023/beasiswa-s1-s2-di-university-of-west-london-inggris/
Beasiswa untuk Mahasiswa S1 dari Pertamina Sobat Bumi,"Hai Sobat Beasiswa.ID! Masih ingat dengan beasiswa BUMN satu ini? Ya,Beasiswa PertaminaSobat Bumi atau biasa juga disebut Beasiswa PF Prestasi dariPertamina Foundation. Seperti periode sebelumnya, kini Beasiswa Sobat Bumi kembali menghampiri para mahasiswa di Indonesia yang sedang menjalani studi sarjana (S1) atau diploma (D3) untuk memperebutkan sejumlah beasiswa yang ditawarkan Pertamina Foundation.",https://beasiswa.id/2023/beasiswa-untuk-mahasiswa-s1-dari-pertamina-sobat-bumi/
"Beasiswa S1, S2 dan S3 di Shanghai University, China","Hai Sobat Beasiswa.ID! PemerintahShanghai, China tahun ini kembali membuka penawaran beasiswa studi bagi mahasiswa internasional melalui Shanghai Government Scholarship (SGS). Beasiswa ini dapat dimanfaatkan untuk studi mulai dari jenjang S1, S2, maupunS3di berbagai universitas di Shanghai. Salah satunya jika Anda berminat belajar di Shanghai University. Ada dua jenis beasiswa yang bisa dilamar melalui progam SGS ini. Yakni beasiswa penuh (Tipe A) dan beasiswa parsial (Tipe B).",https://beasiswa.id/2023/beasiswa-s1-s2-dan-s3-di-shanghai-university-china/
Beasiswa untuk Mahasiswa D3 dan S1 dari Pemerintah Pekanbaru,"Hai Sobat Beasiswa.ID! Program beasiswa ini ditawarkan Pemerintah Kota Pekanbaru bagi mahasiswa putra-putri yang berasal dariKota Pekanbaruyang sedang menempuh pendidikanS1maupunD3pada perguruan tinggi di Provinsi Riau maupun di luar Provinsi Riau.Beasiswa ditawarkan dalam tiga kategori, yakni beasiswa mahasiswa berprestasi akademik, beasiswa untuk mahasiswa berprestasi non akademik, serta beasiswa mahasiswa kurang mampu.",https://beasiswa.id/2023/beasiswa-untuk-mahasiswa-d3-dan-s1-dari-pemerintah-pekanbaru/
Beasiswa S1 dari Karya Salemba Empat (KSE),Hai Sobat Beasiswa.ID! Satu lagi pilihanbeasiswa S1yang terbuka buat mahasiswa di tanah air. Beasiswa Karya Salemba Empat (KSE). Beasiswa ini ditujukan bagi Anda yang tengah kuliah S1 minimal semester dua di sejumlahperguruan tinggi negeri(PTN) dalam negeri. Beasiswa Karya Salemba Empat 2023 – 2024 menyediakan tunjangan pendidikan untuk membantu kebutuhan finansial mahasiswa.,https://beasiswa.id/2023/beasiswa-s1-dari-karya-salemba-empat-kse/
"Beasiswa S1 di Universitas Pertahanan, Indonesia","Hai Sobat Beasiswa.ID!Universitas Pertahanan(UNHAN) Republik Indonesia kembali membuka program beasiswa S1 bagi para siswa lulusan SMA/sederajat di Tanah Air. BeasiswaS1Unhan 2023-2024 ini bisa dilamar untuk berbagai program studi dari dua fakultas yang ada di Unhan. Bagi Anda yang tidak ingin melewatkan kesempatan tersebut, beasiswa Unhan bisa Anda lamar segera dengan melengkapi sejumlah persyaratan yang ditetapkanUniversitas Pertahanan.",https://beasiswa.id/2023/beasiswa-s1-di-universitas-pertahanan-indonesia/
Beasiswa untuk Mahasiswa D3 dan S1/D4 dari Yayasan Van Deventer-Maas Indonesia,"Hai Sobat Beasiswa.ID! Bagi Anda yang berstatus mahasiswaD3atau pun S1/D4, ini salah satu beasiswa dalam negeri yang sedang dibuka.Van Deventer-Maas Stichting(VDMS) Scholarship. Beasiswa untuk mahasiswaD3dan S1 ini cukup rutin ditawarkan, terutama bagi universitas dan perguruan tinggi mitra VDMS. Ada sekitar 35 perguruan tinggi mitrabeasiswa VDMS. Misalnya sajaUGM, ITB, IPB,ITS, Unpad,Unair, Unand, USU, Unnes, dll.",https://beasiswa.id/2023/beasiswa-untuk-mahasiswa-d3-dan-s1-d4-dari-yayasan-van-deventer-maas-indonesia/
"Beasiswa S1, S2 dan S3 di Turki","Hai Sobat Beasiswa.ID! Turki bisa menjadi tujuan studi menarik yang bisa Anda coba. Ada beberapa beasiswa kuliah yang tersedia. Salah satu yang patut dicoba adalahTürkiye Scholarships. Beasiswa ini disediakan Pemerintah Turki setiap tahun. Apa saja peluangnya? Melalui skema terbaruTürkiye Scholarships2023 Applications. Pelamar internasional (selain Turki) bisa melanjutkan studi jenjang S1, S2 maupun S3 melalui beasiswa Turki 2023 – 2024 tersebut. Beasiswa penuh melaluiTürkiye Scholarshipsditujukan untuk kuliah di universitas-universitas terbaik yang ada di Turki. Pelamar dari Indonesia salah satu yang mendapatkan kesempatan meraih beasiswa ini.",https://beasiswa.id/2023/beasiswa-s1-s2-dan-s3-di-turki/
"Beasiswa S1 dan S2 di University of Adelaide, Australia","Hai Sobat Beasiswa.ID! Bagi siswa internasional (non Australia dan New Zealand),University of Adelaidememiliki sejumlah penawaran beasiswa yang bisa diikuti. Satu di antaranya adalah beasiswaS1dan S2 yang menyediakan potongan biaya kuliah (tuition fee). Pelamar dari Indonesia juga berkesempatan meraih beasiswa yang disediakan universitas yang terletak di Selatan Australia itu. Potongan biaya kuliah yang diberikan sebesar 50 persen dari biaya kuliah yang harus dibayar, baik untuk jenjangS1mapun S2.",https://beasiswa.id/2023/beasiswa-s1-dan-s2-di-university-of-adelaide-australia-3/
Beasiswa untuk Mahasiswa S1 di Jepang,Hai Sobat Beasiswa.ID! Pemerintah Jepang saat ini menyediakan beasiswa studi Jepang bagi mahasiswaS1di tanah air yang sedang kuliah di jurusan sastra atau pendidikan bahasa Jepang. Beasiswa ini ditawarkan melaluiProgram Japanese Studies2023. Tujuannya adalah memberikan kesempatan bagi mahasiswaS1yang mengambil jurusan sastra atau pendidikan bahasa Jepang untuk meningkatkan kemampuan bahasa Jepang dan memperdalam pengertian tentang kebudayaan Jepang. Program ini adalah program non-gelar yang berlangsung selama 1 tahun dimulai September/Oktober 2023 hingga Agustus/September 2024 dan diberikan sertifikat setelah selesai program.,https://beasiswa.id/2023/beasiswa-untuk-mahasiswa-s1-di-jepang/
"Beasiswa S1 di Korea Advanced Institute of Science and Technology, Korea","Hai Sobat Beasiswa.ID! Pilihan beasiswa di Korea bisa dikatakan cukup banyak. Ada yang ditawarkan rutin oleh Pemerintah Korea. Tapi, tidak sedikit juga disediakan langsung oleh universitas atau perguruan tinggi setempat. Seperti yang ditawarkan kampus ini,Korea Advanced Institute of Science and Technology(KAIST). Salah satu beasiswa rutin yang disediakanKAISTadalahKAISTInternational Student Scholarship. Beasiswa tersebut disediakan khusus bagi mahasiswa internasional, termasuk Indonesia.",https://beasiswa.id/2023/beasiswa-s1-di-korea-advanced-institute-of-science-and-technology-korea/
"Beasiswa D3, S1 dan S2 di Brunei Darussalam","Hai Sobat Beasiswa.ID! Bagi Anda yang sudah menunggu peluangbeasiswa Brunei2023, kini saatnya mempersiapkan diri untuk mendaftar. Pemerintah Brunei Darussalam kembali menyediakan beasiswa kuliah terbaru bagi pelajar internasional, termasuk Indonesia untuk tahun akademik 2023 – 2024.Beasiswa Bruneiyang sedang dibuka tersebut meliputi beasiswaD3, beasiswaS1, dan beasiswaS2. Semua beasiswa ini diberikan penuh dan dapat dipergunakan untuk studi di beberapa universitas terbaik di Brunei.",https://beasiswa.id/2023/beasiswa-d3-s1-dan-s2-di-brunei-darussalam-2/
"Beasiswa S1, S2 dan S3 dari Pemerintah Rumania","Hai Sobat Beasiswa.ID! Pemerintah Rumania sedang membuka beasiswa penuh untuk tahun akademik 2023 – 2024 bagi mahasiswa internasional di luar Uni Eropa, terutama Indonesia untuk melanjutkan studi ke Rumania. Ada puluhan kursi beasiswa biasanya disediakan tiap tahun untuk berbagai tingkatan.",https://beasiswa.id/2022/beasiswa-s1-s2-dan-s3-dari-pemerintah-rumania-3/
"Beasiswa S1 di York University, Kanada","Hai Sobat Beasiswa.ID! Ada banyak pilihan beasiswa kuliah yang tersedia di Kanada. Salah satunya adalah beasiswa yang ditawarkan olehYork Universitybuat pelajar asing yang ingin melanjutkan studiS1di kampus tersebut. Beasiswa di York University ditawarkan rutin dalam beberapa jenis. Nilainya bervariasi serta bisa dimanfaatkan untuk biaya kuliah diYork University. Kriteria utama pelamar adalah memiliki capaian akademik yang istimewa serta punya kualitas kepemimpinan. Jika Anda tertarik mencobanya, silakan simak informasinya di bawah ini.",https://beasiswa.id/2022/beasiswa-s1-di-york-university-kanada-3/
Beasiswa Eiffel untuk S1 dan S2 di Perancis,Hai Sobat Beasiswa.ID! Peluang beasiswa Pemerintah Perancis kembali dibuka. Eiffel Excellence Scholarship Programme atau biasa disebutBeasiswa Eiffelkini tersedia untuk tahun akademik 2023 – 2024. Pelajar dari tanah air salah satu yang berkesempatan memperoleh beasiswa ini.,https://beasiswa.id/2022/beasiswa-eiffel-untuk-s1-dan-s2-di-perancis/
"Beasiswa S1 di University of Oregon, USA","Hai Sobat Beasiswa.ID! Buat Anda yang berburu beasiswa 2023-2024, tawaran kini banyak terbuka.International Cultural Service Program (ICSP) Scholarshipsmerupakan salah satu beasiswa yang bisa diikuti tersebut. ICSP Scholarship merupakan skema beasiswaUniversity of Oregon, USA bagi mahasiswa internasional yang ingin mengambil gelar sarjana (S1) di UO.",https://beasiswa.id/2022/beasiswa-s1-di-university-of-oregon-usa/
"Beasiswa S1 di National University of Singapore (NUS), Singapura",Hai Sobat Beasiswa.ID! Peluangbeasiswa S1NUS ini ditujukan bagi Anda yang telah menyelesaikan pendidikan SLTA atau saat ini duduk di bangku kelas 12 SMA/sederajat.National University of Singapore(NUS) menawarkan beasiswa S1 untuk jurusan-jurusan yang terkait dengan sains dan teknologi yang ada di kampus mereka. Beasiswa S1 di NUS tersebut dinamai Science & Technology Undergraduate Scholarship.,https://beasiswa.id/2022/beasiswa-s1-di-national-university-of-singapore-nus-singapura-2/
Beasiswa S1 dari Bank Syariah Indonesia (BSI),Hai Sobat Beasiswa.ID! Kabar baik bagi Anda mahasiswaS1tanah air semester tiga.BSIMaslahat dan Bank Syariah Indonesia membuka pendaftaran Beasiswa BSI atau BSI Scholarship dan memberi kesempatan bagi mahasiswa dari berbagai kampus untuk mendaftar. Beasiswa BSI membuka dua peluang beasiswa sekaligus. Yakni BSI Scholarship Inspirasi dan BSI Scholarship Prestasi.,https://beasiswa.id/2022/beasiswa-s1-dari-bank-syariah-indonesia-bsi/
Beasiswa Bakti Tani untuk Lulusan SMA/Sederajat dan Mahasiswa,"Hai Sobat Beasiswa.ID ! Bagi Anda yang saat ini sedang berstatus sebagai mahasiswaS1atau baru lulus SMA/SMK/sederajat, programbeasiswasatu ini bisa untuk dicoba. Nama beasiswanya adalah BeasiswaBakti Tani. Program ini ditawarkan olehTani Foundationdan Yayasan Khouw Kalbe. Setiap tahun ada 150 lebih kuota beasiswa disediakan.",https://beasiswa.id/2022/beasiswa-bakti-tani-untuk-lulusan-sma-sederajat-dan-mahasiswa/
Beasiswa Mahaghora Jenjang S1 dan Diploma,"Hai Sobat Beasiswa.ID! Bagi kamu yang ingin melanjutkan kuliah S1 atau diploma, kali ini ada tawaranbeasiswakuliah yang bisa kalian coba. BeasiswaMahaghoraadalah bagian dari salah satu Corporate Social Responsibility (CSR) PT. Mahaghora yang memberikan kesempatan kepada putra-putri Indonesia untuk melanjutkan pendidikannya hingga ke bangku Universitas. Beasiswa ini ditujukan bagi pelajar kelas 12 dan lulusan SMA/SMK/Sederajat tahun 2020 dan 2021 yang ingin kuliahD4atauS1.",https://beasiswa.id/2021/beasiswa-mahaghora-jenjang-s1-dan-diploma/
Beasiswa CIMB Niaga untuk Mahasiswa S1 dan D4,"Hai Sobat Beasiswa.ID! Buat kamu yang sedang mencari beasiswa kuliah, yuk ikuti program BeasiswaCIMBNiaga tahun 2021. Beasiswa ini diselenggarakan oleh PT Bank CIMB Niaga Tbk untuk mendukung mimpi para generasi penerus bangsa untuk mendapatkan pendidikan yang memadai. Beasiswa CIMB Niaga ditawarkan untuk mahasiswa S1 dan D4 semester 5 di seluruh perguruan tinggi di Indonesia.",https://beasiswa.id/2021/beasiswa-cimb-niaga-untuk-mahasiswa-s1-dan-d4/
Beasiswa Kartu Indonesia Pintar (KIP) Kuliah,"Hai Sobat Beasiswa.ID! Telah dibuka pendaftaran beasiswaKartu Indonesia Pintar(KIP) Kuliah pada ajaran 2021/2022. Pemerintah memberikan bantuan biaya pendidikan dan biaya hidup yang lebih tinggi bagi para mahasiswa terpilih. Skema baru untukKIP Kuliahini menjadi kebijakan dalamMerdeka Belajar Episode Kesembilan, yaitu KIP Kuliah Merdeka.",https://beasiswa.id/2021/beasiswa-kartu-indonesia-pintar-kip-kuliah/
Beasiswa S1 dari BRI Peduli Creation Scholarship,"Hai Sobat Beasiswa.ID!Beasiswakali ini datang dari perbankan. Beasiswa untuk mahasiswa S1 dariBRI Peduli– Creation (Creative in Action) Scholarship ini diselenggarakan olehPT Bank Rakyat Indonesia(Persero) Tbk. Beasiswa BRI Peduli Creation merupakan beasiswa yang memberikan apresiasi kepada mahasiswa yang mempunyai inovasi, ide, terobosan baru yang kreatif yang unggul.",https://beasiswa.id/2021/beasiswa-s1-dari-bri-peduli-creation-scholarship/
"Beasiswa S1 Cendekia BAZNAS di Albukhary International University, Malaysia","Hai Sobat Beasiswa.ID! Kabar baik bagi kamu yang sedang mencari beasiswa luar negeri. Saat ini terdapatbeasiswaS1diMalaysiayang bisa kamu coba! Program Beasiswa CendekiaBAZNAS–Albukhary International University, Malaysia (BCB AIU) kembali diselenggarakan bagi para lulusan SMA/SMK/MA/Sederajat yang berasal dari keluarga kurang mampu. Program beasiswa penuh ini diberikan untuk peserta yang ingin kuliah S1 di Albukhary International University, Malaysia.",https://beasiswa.id/2021/beasiswa-s1-cendekia-baznas-di-albukhary-international-university-malaysia/
